Process_Name,delay_cost,task_count
Purchase Order,8261221.019999999,517
Invoice Approval,7972369.300000004,480
Customer Complaint,7753032.790000005,501
HR Onboarding,7704752.249999996,510
IT Support Ticket,7579193.11,492
