Process_Name,efficiency_ratio
Invoice Approval,1.8769141109058913
Purchase Order,1.8117318812270717
HR Onboarding,1.7961662892077743
IT Support Ticket,1.7838457422812646
Customer Complaint,1.7425215323328893
