Task_Type,avg_delay
Review,60.50188679245283
Escalation,57.19047619047619
Approval,55.782961460446245
Data Entry,55.725
Validation,55.2657200811359
